ts	phase	decision	why	evidence	result
2026-10-01T05:08:02Z	frame	stacked Phase 2 on cursor/phase1-trust-correctness-85fe	PR #4 is still open, not merged, so the brief says stack on it	gh pr list: #4 OPEN; origin/main at 8136a88	branch cursor/phase2-recruiter-ux-147f off 00d5224
2026-10-01T05:08:02Z	frame	matched the figure-it-out playbook, with show-me-your-work for the trail	overnight run the operator reviews after stepping away; poteto-mode routes that to figure-it-out	poteto-mode SKILL.md playbooks section	open
2026-10-01T05:08:02Z	frame	set done as: PR open on the phase1 branch, CI verify green (lint, check, test, build, a11y), all six Phase 2 items shipped, JS before and after in the PR body	a predicate I can check on the real artifact, not a feeling	this log, PR body	open
2026-10-01T05:08:02Z	frame	rigor medium-high: every unit ends in lint+check+test+build, a real-Chrome axe run, and screenshots; one independent diff review before hand-back	public job-search copy is reputational but reversible; nothing deploys until main	scripts/a11y.mjs, /opt/cursor/artifacts/screenshots	open
2026-10-01T05:08:02Z	baseline	measured JS on / with a new script because Next 16 build output no longer prints first-load JS	need a rerunnable before/after number for the PR	scripts/js-size.mjs	before: 10 files, 887.6 kB raw, 250.8 kB gzip; HTML 19.1 kB gzip
2026-10-01T05:08:02Z	baseline	fingerprinted the 422 kB chunk	find what the weight is before cutting	out/_next/static/chunks/0bi9vc15mp_ek.js holds all of zod (contact form) plus motion (Reveal)	removing the form and Reveal should drop most of it
2026-10-01T05:08:02Z	baseline	added a real-Chrome axe check (playwright-core drives the preinstalled Chrome, no browser download) plus a phone-menu keyboard check	item 5 asks for axe in CI if lightweight; this adds two dev deps and no browser download	scripts/a11y.mjs	before: 44 list/listitem violations (Reveal div inside ol) and both menu checks fail
2026-10-01T05:08:02Z	baseline	measured every 11px mono label's contrast with axe data in both themes	item 5 asks for a contrast check on 11px labels	/tmp/probe/labels.mjs	all pass AA; lowest 5.12:1 light (copper on muted), 6.69:1 dark; no token change needed
2026-10-01T05:08:02Z	baseline	captured before screenshots of hero, contact, and experience at 1440 and 390 wide	before/after comparison for the PR	/opt/cursor/artifacts/screenshots/before-*.png	saved
2026-10-01T05:08:02Z	design	found 33 repeated five-word phrases in visitor copy with an n-gram probe	the copy pass should work from a list, not from rereading	/tmp/probe/ngrams-5.txt	targets: stay until the numbers move, Houston relocate line, forward-deployed team x3, same facts x4, iPhone India launch, Apple and Waymo summaries that restate bullet 1
2026-10-01T05:08:02Z	design	grouped experience as employers with nested roles instead of grouping a flat roles list at render time	the grouped shape states the domain (one company, two stints) and needs no date parsing to label the return	content/site.ts Employer type	chosen; flat-list grouping rejected
2026-10-01T05:08:02Z	design	skipped the how and architect skills	I read every touched file directly (about 20 small files) and no decision here is a one-way door; figure-it-out says skip architect for concrete mechanical work	this log	skip
2026-10-01T05:08:02Z	design	deslop and control-ui skills are not installed; manual deslop pass and the Playwright harness stand in for them	cursor-team-kit plugin is absent from this VM	find / -iname deslop* returned nothing	noted
2026-10-01T05:11:28Z	run	committed the harness without CI wiring; the gate joins CI in the commit that turns it green	a red gate in an early commit would leave intermediate commits failing CI and break bisect	pnpm a11y exit=1 on baseline: 44 list/listitem + 2 phone-menu failures; pnpm size 887.6 kB raw / 250.8 kB gzip	9aca4a9
2026-10-01T05:27:01Z	run	tested the hero, experience, and contact by rendering them with react-dom/server inside vitest	the old tests grepped component source for tokens; rendering asserts the links, hrefs, and headings a visitor actually gets	probe rendered Hero and Contact with zero config; mutation adding valueProp to the hero failed the new test	tests/sections.test.tsx
2026-10-01T05:27:01Z	run	shipped the portrait as the exact 4:5 center crop the page already showed, 800x1000 webp q78, lazy	object-cover in a 4:5 box crops only the sides of the square source, so the pre-cropped file is pixel-equivalent at a seventh of the bytes	146,299 B jpg -> 21,828 B webp; built HTML has loading=lazy and no avatar preload	04afce2
2026-10-01T05:27:01Z	run	split U1 into three commits (photo, experience grouping, hero and title) by staging hunks	one logical change per commit; each staged state passed check, lint, test before commit	experience-only state: 18 tests green; full state: 22 green	04afce2 21a55ea 8b56af0
2026-10-01T05:27:01Z	run	kept the commit message that says the old title was 93 characters; the PR body will say 90	the actual old title is 90 characters; amending is off-limits without an explicit ask	node: old title length 90, new 54	8b56af0 message off by 3
2026-10-01T05:27:01Z	run	copy pass: panels hold one figure and outcomes list the rest; the Tesla AI outcome now says modeled	panels restated the line beneath them; the bullet says modeled, the case study implied realized	n-gram probe: 24 five-word repeats -> 13, all figure-bearing; guard test fails when the old looking-for line is restored	c5e6bc1
2026-10-01T05:27:01Z	design	ran the copy pass before spawning the delegate, and run the delegate in the foreground on its own worktree	a background subagent reports only after the turn ends, which risks an unattended run never opening the PR; starting the delegate from the copy commit removes cherry-pick conflicts in site.ts	Task tool: background results arrive after the turn ends	worktree /home/ubuntu/wt/phase2-u2
2026-10-01T05:27:50Z	design	subagents inherit the parent model instead of poteto's per-role defaults; the cross-model review becomes a fresh-context review on the same model	the operator did not name a subagent model, and the run's rules require the default unless one is named	Task model param: inherit required unless the user names a model	revises the earlier plan to use grok for code
2026-10-01T06:01:48Z	run	folded backwards fill and a flex-column card into the delegate's reveal commit; reworded its nav commit	both fill modes rest at zero offset, but backwards leaves no transform once revealed; equal-height cards left blank space under the shorter card's footer; the nav claim about focus dropping to the page top was unverified	Chrome: translate none once centered with backwards; screenshot shows aligned card footers	0dc46af e1874a2
2026-10-01T06:01:48Z	run	replayed install, check, lint, test, build at every commit in a detached worktree	every commit should land green on its own	11/11 PASS; tests 16 -> 25	/tmp/replay.sh
2026-10-01T06:01:48Z	run	measured the base commit again: 44 axe nodes, not 40	the delegate counted 40 at its own parent, after grouping cut one wrapped list item per run	base build: 9 listitem + 2 list per run x 4 runs = 44	PR body says 44 -> 0
2026-10-01T06:01:48Z	run	moved the 11 commits onto main on a new branch and target main	PR #4 was squash-merged as bd47355, so the brief says use main; force-pushing the existing branch is not allowed	tree(00d5224) == tree(bd47355); all 11 rebased commits keep their verified trees	cursor/phase2-recruiter-polish-147f
2026-10-01T06:07:43Z	run	opened PR #5 against main, ready, before the reviews	CI only runs on pull_request, and Chrome on the runner is the riskiest unknown left; review fixes land as new commits	gh: PR #4 merged; pnpm lint/check/test/build/a11y green at HEAD	https://github.com/jarrodtran/Personal-Website/pull/5
2026-10-01T06:39:53Z	review	accepted Comment Sicko's only deletion, the documentTitle doc comment	the copy-contract test enforces the limit, and the comment said under 60 while the test allows 60	Comment Sicko report: 1 deletion, no MUST KILL flags	content/site.ts
2026-10-01T06:39:53Z	review	ran two fresh-context adversarial reviewers on the inherited model with the interrogate prompt, rubric, and code-quality lens	the user named no model, so the interrogate model table does not apply; two samples give a weak agreement signal	both reviewers ran all five gates green and probed out/ in Chrome	/tmp/review-a, /tmp/review-b
2026-10-01T06:39:53Z	review	act on the six findings both reviewers raised	hero icons squeeze to 0px at 320px; enabling calendar fails pnpm test and blocks deploy; failed copy is silent; /d treats 0→1 as a figure; menu stuck open past md locks scroll; reveal and title checks grep source	reviewer A 14 findings, reviewer B 10, all with measured repros	fix plus a regression check per finding
2026-10-01T06:39:53Z	review	also take cheap single-reviewer findings: targeting line in sections.contact, Nav without site.ts, JS budget, tablet portrait cap, outcome grammar, Chrome version log	each is small, in the PR's own goals, and removes a cost a reviewer measured	chunk 3z_5k0m22j3m-.js holds ~12 kB of site.ts literals; photo upscaled at 820px	follow-up commits
2026-10-01T06:39:53Z	review	dismiss ResumeLink wrapper, derived documentTitle, POSITIONING Formspree edit, Chrome pinning, positioning-test rewrite	a wrapper reading site.ts would pull it back into client JS via Nav; the non-goal is Jarrod's instruction; the visible h1 already says Product and strategy operator	out/index.html body has 'product and strategy' once	noted in the final reply
2026-10-01T07:12:56Z	audit	corrects the 06:39:53Z review row that reads "/d treats 0→1 as a figure". The old phrase guard skipped any phrase matching /\d/	the cell misquotes the pattern the reviewers flagged	git show b328888 -- tests/copy-contract.test.ts	superseded
2026-10-01T07:12:56Z	fix	landed the review fixes as 13 new commits on the pushed branch, one finding per commit	amending and force-pushing are off-limits, and one finding per commit lets a reviewer revert any single fix	278ff7c..3fa3468	pushed
2026-10-01T07:12:56Z	fix	the hero actions wrap when they do not fit instead of sharing a fixed three-column grid	at 320px the grid squeezed the Résumé icon to 4.1px and the LinkedIn icon to 0px	cef8f38, .audit/phase2-red-first.txt	the new 320px check fails on d18c899 and passes from cef8f38 on
2026-10-01T07:12:56Z	fix	the phone menu closes when the viewport reaches desktop width	turning a phone to landscape with the menu open hid the menu and its button and left the page unable to scroll	17afd98, .audit/phase2-red-first.txt	the new check fails on cef8f38 and passes from 17afd98 on
2026-10-01T07:12:56Z	fix	a failed clipboard write shows Couldn't copy and announces it, and each click clears the last reset timer	a rejected write looked the same as a success, so a visitor could paste the wrong thing	64f3d1e, .audit/phase2-red-first.txt	the new check fails on 17afd98 and passes from 64f3d1e on
2026-10-01T07:12:56Z	fix	moved the title and reveal checks from source greps in vitest to the built page in Chrome	the old tests pass with a clip-path that hides every reveal	8fdabec, .audit/phase2-red-first.txt	the old tests pass that break and pnpm a11y fails it and four other breaks of the tip. Tests 25 to 24
2026-10-01T07:12:56Z	fix	the layout hands Nav its data as props, and a contract test fails when a client component value-imports content/site	Nav was the only client component importing site, so the whole content module, paste-ready outreach copy included, shipped to every visitor	c64227e, .audit/phase2-red-first.txt	148.9 to 144.2 kB gzip. The new test fails on 8fdabec. Tests 24 to 25
2026-10-01T07:12:56Z	fix	the repeated-phrase guard uses extractFigures to decide what counts as a figure	the /\d/ skip let any phrase with a digit repeat, so 0→1 phrases slipped through	b328888, .audit/phase2-red-first.txt	a repeated 0→1 phrase passes before b328888 and fails after
2026-10-01T07:12:56Z	fix	section tests build expected links and roles from the content model	setting contact.calendar or changing the email failed pnpm test, which would have blocked the deploy	d18c899, .audit/phase2-red-first.txt	with a calendar link set, tests fail before d18c899 and pass after
2026-10-01T07:12:56Z	fix	capped the About portrait at 24rem below the lg breakpoint	below 1024px the portrait filled the column, and at 1000px wide it rendered 934x1168 CSS px from an 800px webp	042d483, /tmp/probe/photo-size.mjs	382x478 CSS px at 1000px wide
2026-10-01T07:12:56Z	audit	042d483's message says the portrait filled the column between 768px and 1023px. It filled the column at every width below 1024px	the message understates the range and amending is off-limits, so this row and the PR body carry the correction	042d483, components/sections/about.tsx	noted
2026-10-01T07:12:56Z	fix	pnpm size fails CI and the deploy above 150 kB gzip	the size script only printed a number, so nothing stopped the JS cut from creeping back. 150 kB leaves 5.8 kB over today's 144.2 kB	1dea835, .audit/phase2-red-first.txt	a 140 kB budget fails at the tip and 150 kB passes
2026-10-01T07:12:56Z	audit	the 1dea835 message says bringing zod or Motion back would exceed the budget. That is inferred from the 5.8 kB headroom	the first push measured zod, Motion, and the form leaving together, 250.8 to 148.8 kB gzip, not each library alone	1dea835, the 05:08:02Z baseline rows	inferred, not measured
2026-10-01T07:12:56Z	fix	smaller review fixes. Dropped a doc comment the contract enforces, moved the targeting line into sections.contact, dropped a stray article in the AI outcome, listed the a11y checks in the README	each removes a cost a reviewer pointed at, in a line or two	278ff7c b874a4d be34fd3 3fa3468	pushed
2026-10-01T07:12:56Z	verify	replayed offline install, check, lint, test, build, a11y, and size at each of the 13 review commits in a detached worktree	every commit should land green on its own, not only the tip	/tmp/replay-review.sh, /tmp/replay-review.txt	13 of 13 pass. 25 tests at each commit except 24 at 8fdabec
2026-10-01T07:12:56Z	verify	wrote a rerunnable script that runs each review check where it must fail	the first red runs were not saved, so the fix rows had nothing to point at	.audit/phase2-red-first.sh, .audit/phase2-red-first.txt	16 of 16 cases behave as expected
2026-10-01T07:12:56Z	verify	CI on 3fa3468 passed every step, with pnpm a11y in Chrome 153 on ubuntu-latest	CI green is part of the done predicate	actions run 36827489470	lint, check, 25 tests, build, a11y, and size at 144.2 kB gzip all green
2026-10-01T07:12:56Z	verify	retook the after screenshots of hero, contact, and experience at 1440 and 390 wide from the 3fa3468 build	the review fixes changed the hero row and the contact copy after the first screenshots	/opt/cursor/artifacts/screenshots/after-*.png	phone hero keeps three actions in one row with full icons. Contact shows email with copy, LinkedIn, and the résumé
2026-10-01T07:12:56Z	design	added no error color token	the form's text-red-600 field errors left with the form, and the one failure state left, a failed copy, is said in words	git show origin/main:components/contact-form.tsx line 129, components/copy-email.tsx	no token
2026-10-01T07:12:56Z	audit	rows with /tmp or /home/ubuntu evidence point at one-off probe files that existed only on this VM	the committed scripts/a11y.mjs, scripts/js-size.mjs, and .audit/phase2-red-first.sh reproduce the main numbers	this log	noted for the reviewer
2026-10-01T07:51:05Z	review	a fresh-context auditor walked all 51 rows against the run transcript and the repo	show-me-your-work asks for an audit of the log against the transcript before hand-back	auditor report in this run transcript, /tmp/transcript-condensed.txt	40 fine, 8 wrong, 3 unsupported, 4 gaps. I checked each against the transcript before the rows below
2026-10-01T07:51:05Z	review	a second fresh-context reviewer scanned the trail, the diff, the PR, and the transcript for what Jarrod should see	show-me-your-work asks for an independent review of the trail. It ran on the inherited model because no subagent model was named	reviewer report in this run transcript	9 flags and no hard-constraint violations. Five are acted on below and the rest go to the Attention list
2026-10-01T07:51:05Z	audit	saved the final reports of the two adversarial reviewers into .audit	the run transcript keeps only their agent ids, so lines 29 to 32 could not be checked	.audit/phase2-review-a.md, .audit/phase2-review-b.md	saved
2026-10-01T07:51:05Z	audit	corrects line 2. PR #4 merged at 04:52:18Z, before that row was logged, and its still-open claim came from a check at 04:48	I logged the frame rows in one batch at 05:08 and pushed the stacked branch before checking again	transcript [700] gh pr view 4 MERGED 2026-10-01T04:52:18Z, [695] push	superseded. Line 26 moved the work onto main
2026-10-01T07:51:05Z	audit	corrects the evidence of lines 7 and 11. The 422 kB chunk survives only in /tmp/out-baseline, and /tmp/probe/ngrams-5.txt now holds the post-pass count of 13	later builds replaced out/ and later probe runs reused the file. The 33 came from the 05:03 run. The 24 in line 20 came from a 05:23 run, after the content commits of 05:20 to 05:22	/tmp/out-baseline, agent-tools/6b96faa8-a87e-4fc1-9e30-d8fdee337eaf.txt, transcript [219] [489]	superseded, VM only
2026-10-01T07:51:05Z	audit	corrects line 17. The webp is a lossy q78 encode of the crop the page showed, not pixel-equivalent	the first check was crop math and one visual comparison, so I measured the shipped file against main crop	transcript [388] to [397], /tmp/probe/photo-psnr.mjs, /tmp/photo-psnr.txt	PSNR 41.0 dB, mean error 1.6 of 255, 6.7% of pixels identical
2026-10-01T07:51:05Z	audit	corrects line 18. 04afce2 was committed without check, lint, or test. Only 21a55ea and 8b56af0 ran the gates before commit	the photo commit went straight from staging to commit	transcript [450] [452] [461] [468]	superseded. The replay at [638] passed it
2026-10-01T07:51:05Z	audit	corrects lines 24 and 26. The replay passed 10 of 10 commits. The docs commit 1959934, now bf14731, came after it and got only prettier --check until the full gate ran at HEAD	I counted the docs commit into a replay that ran before it existed	transcript [638] [640] [687] [745], actions run 36823141925 on bf14731	superseded. bf14731 passed the full gate at [745] and in CI
2026-10-01T07:51:05Z	audit	corrects lines 30 and 31. Both reviewers raised ten findings, not six. The targeting line, the résumé link built in four places, the JS budget, and the documentTitle comment were shared too	I counted from my own synthesis instead of the two reports	.audit/phase2-review-a.md findings 7 8 11 12, .audit/phase2-review-b.md findings 4 7 10	superseded. Only Nav, the portrait, the grammar fix, and the Chrome version log came from one reviewer
2026-10-01T07:51:05Z	audit	corrects lines 34 and 46. 8fdabec carries four related findings, and 3fa3468 answers no reviewer	8fdabec moved the title and reveal checks to Chrome and also dropped three history assertions, added the Chrome version log, and removed the .jpg MIME entry. 3fa3468 was my own docs follow-up	git show 8fdabec, .audit/phase2-review-a.md findings 3 10 12, .audit/phase2-review-b.md findings 8 9	superseded
2026-10-01T07:51:05Z	audit	maps the old branch commits to rebased twins with identical trees. 9aca4a9=7e97591 04afce2=524ddc5 21a55ea=87cda46 8b56af0=e3dec89 c5e6bc1=195ab55 8921a1f=0dc46af affd663=ac09df2 63a37ae=e1874a2 6431680=7d82529 c14fb1d=260c024 1959934=bf14731	lines 2, 15, and 17 to 20 cite SHAs that exist only on cursor/phase2-recruiter-ux-147f	/tmp/old-trees.txt, /tmp/new-trees.txt, git rev-parse <sha>^{tree}	each pair has the same tree
2026-10-01T07:51:05Z	run	my Chrome check of the delegate build failed on fill both, with translate stuck at 0px once a section was centered	that failure is what led to the backwards fill in line 23	transcript [616]	backwards fill folded into 0dc46af
2026-10-01T07:51:05Z	design	left the About photo lg:sticky as is, though the delegate measured the photo column taller than the text column, so it never sticks	main has the same lg:sticky classes, so the no-op predates this PR, and fixing it is a layout change outside Phase 2	transcript [574], git show origin/main:components/sections/about.tsx line 45	unfixed, flagged for Jarrod
2026-10-01T07:51:05Z	run	reran pnpm test alone after committing c5e6bc1, because the commit command piped the tests through tail without pipefail	tail exits 0, so a failing test would have reached the commit	transcript [554] [558]	23 tests green. Later gate commands set pipefail
2026-10-01T07:51:05Z	review	deferred extending the copy guards to text hard-coded in components, such as contact labels and the 404 page	the phrase and figure guards read only content/site.ts, and covering component text means reading JSX or moving strings, both beyond this PR	transcript [837]	open, flagged for Jarrod
2026-10-01T07:51:05Z	fix	the import-boundary test rejects any non-type import from @/content/ in a client component	content/visitor-copy.ts imports site, so a client import of it would ship the whole content module and pass the old test	0d5ee5f, .audit/phase2-red-first.txt	the old test passes that import and 0d5ee5f fails it
2026-10-01T07:51:05Z	verify	reran the red-first script with the boundary case and a clip-path case for the old tests	the new fix needs the same before and after proof, and line 38 claims the old tests missed the clip-path	.audit/phase2-red-first.sh, .audit/phase2-red-first.txt	18 of 18 cases behave as expected, superseding the 16 in line 48
2026-10-01T07:51:05Z	verify	reran the 11px label contrast probe on the 0d5ee5f build	the review commits came after the baseline probe in line 9	/tmp/probe/labels.mjs, /tmp/labels-head.txt	53 labels per theme pass AA. Lowest 5.12:1 light and 6.69:1 dark, unchanged
2026-10-01T07:51:05Z	verify	ran check, lint, test, build, a11y, and size at 0d5ee5f	the boundary fix landed after CI went green on 3fa3468	local run in /workspace	25 tests, every a11y check, 144.2 kB gzip
2026-10-01T07:51:05Z	run	kept the superseded remote branch cursor/phase2-recruiter-ux-147f instead of deleting it	log lines cite its SHAs, and the autonomy grant leaves deletions to Jarrod	git ls-remote origin cursor/phase2-recruiter-ux-147f, gh pr list	kept. No PR uses it
2026-10-01T08:02:28Z	verify	ran the current a11y checks against the saved main build with a probe copy that stops before the copy-button step	the PR body cites 44 axe nodes on main, measured before the review added checks. The full script crashes on main because its contact section has two buttons	node_modules/.probe/a11y-main.mjs, /tmp/main-a11y/stderr2.txt, /tmp/out-baseline, Chrome 148	44 axe nodes, 8 list and 36 listitem. Title 90 characters, no reveal animates, Escape and focus return fail. The 320px check passes on main, so the icon squeeze began in this PR. The desktop-width check proves nothing on main, because Escape left the menu open and the next click closed it
2026-10-01T08:02:28Z	audit	ran prettier on the two review reports	pnpm format would otherwise rewrite them inside someone else's diff	prettier --check .audit, a compare that ignores whitespace and table rules against the saved extracts	blank lines and table padding only. The text is identical
2026-10-01T08:02:29Z	pr	rewrote the PR body with the 144.2 kB number, the main probe, the copy rewrites beyond repeats, the three commit-message errata, an experience screenshot row, and links to .audit	the old body still said 148.8 kB from before the nav and portrait commits, and it did not flag the commit-message errors in lines 19, 43, and 45	gh pr view 5, /tmp/pr-body.md	updated. Title unchanged and ready. 10 screenshots uploaded, no SHAs, and no dash, semicolon, colon, slash, or parenthesis hits in a lint of the prose
2026-10-01T08:02:29Z	run	removed the two local worktrees and deleted the local delegate branch	the delegate's own five commits never left this VM and no row cites them. Every SHA the log cites lives on cursor/phase2-recruiter-ux-147f, which stays	git worktree list, git branch -r --contains, git ls-remote origin cursor/phase2-recruiter-ux-147f	removed. The old remote branch still points at 1959934
2026-10-01T08:05:46Z	verify	CI on 0c69493 passed every step	CI green on the head is part of the done predicate, and the audit commit landed after the last green run	actions run 36833920852	lint, check, 25 tests, build, a11y in Chrome 153, and size at 144.2 kB gzip
2026-10-01T08:05:46Z	run	left PR #5 as it is when Jarrod asked to rebase or retarget Phase 2 onto main after #4 merged	the branch already sits on bd47355 and the PR already targets main, so a rebase would only rewrite pushed commits and need a force push	git fetch at 08:06: origin/main is bd47355ba414, merge base bd47355, no main commits missing. gh pr view 5: base main at bd47355, MERGEABLE, CLEAN	no change. Line 26 moved the work onto main at 06:01
2026-10-01T08:09:33Z	verify	checked whether main also ships the paste-ready outreach copy in client JS	the hand-back says merging this PR stops shipping it, and line 39 measured only this branch before its fix	git show origin/main: nav.tsx and contact-form.tsx are use client and import site. rg for a 60-character prefix of outreach.linkedin in /tmp/out-baseline and out/ chunks, out/ built at 07:48 from the 0d5ee5f code	main ships it in 1 JS chunk and this branch in 0
2026-10-01T08:10:46Z	verify	CI on 6ec968f passed every step, and the runner's Chrome moved from 153 to 154	reviewer B warned that the deploy gate runs on whatever Chrome the runner image ships, and the PR body named only 153	actions run 36834600441 logs a11y: Chrome 154.0.8037.57. Runs 36832481198, 36833920852, and 36834227386 log 153.0.8010.52	lint, check, 25 tests, build, a11y, and size at 144.2 kB gzip pass on both versions. The PR body now names both
